Date,Open,High,Low,Close,Adj Close,Volume,Name
2023-01-03,345.5,348.6000061035156,342.80999755859375,346.2200012207031,335.5840759277344,1589700,GS
2023-01-04,348.0299987792969,350.30999755859375,345.0799865722656,347.70001220703125,337.01861572265625,1881000,GS
2023-01-05,344.25,345.1400146484375,340.1400146484375,343.760009765625,333.19964599609375,1397800,GS
2023-01-06,347.29998779296875,349.0,340.95001220703125,348.0799865722656,337.3869323730469,3097800,GS
2023-01-09,351.8800048828125,356.5,349.5,353.0,342.1557922363281,1989000,GS
2023-01-10,352.6400146484375,357.5,350.5,357.3599853515625,346.3818359375,1610100,GS
2023-01-11,358.8699951171875,365.5,356.2099914550781,364.4800109863281,353.28314208984375,2127000,GS
2023-01-12,366.239990234375,370.1000061035156,362.57000732421875,369.94000244140625,358.5754089355469,2103100,GS
2023-01-13,363.489990234375,374.3500061035156,362.3599853515625,374.0,362.5106506347656,3310200,GS
2023-01-17,364.79998779296875,366.7900085449219,344.0,349.9200134277344,339.1704406738281,14448300,GS
2023-01-18,348.32000732421875,354.7900085449219,347.79998779296875,349.0899963378906,338.36590576171875,5585200,GS
2023-01-19,346.0299987792969,352.1600036621094,345.5199890136719,350.75,339.97491455078125,3100400,GS
2023-01-20,349.8699951171875,352.25,338.2099914550781,341.8399963378906,331.338623046875,11247200,GS
2023-01-23,341.6700134277344,349.55999755859375,336.1600036621094,349.1400146484375,338.4143981933594,4915700,GS
2023-01-24,340.0,350.29998779296875,340.0,348.3299865722656,337.6292419433594,2372000,GS
2023-01-25,344.75,349.9599914550781,343.8999938964844,349.6300048828125,338.8893737792969,1985200,GS
2023-01-26,351.7300109863281,355.0,349.5199890136719,354.9700012207031,344.0652770996094,1919200,GS
2023-01-27,351.95001220703125,355.989990234375,351.8299865722656,353.70001220703125,342.83428955078125,2427400,GS
2023-01-30,353.2900085449219,362.3299865722656,352.3999938964844,357.4599914550781,346.478759765625,3184500,GS
2023-01-31,359.1600036621094,365.9200134277344,356.8599853515625,365.80999755859375,354.5722351074219,2311500,GS
2023-02-01,359.1000061035156,368.94000244140625,358.760009765625,365.7099914550781,354.475341796875,2889400,GS
2023-02-02,368.0,372.8900146484375,364.54998779296875,369.4700012207031,358.1198425292969,2619600,GS
2023-02-03,365.6199951171875,374.57000732421875,365.44000244140625,369.95001220703125,358.5850830078125,2243100,GS
2023-02-06,369.0,371.260009765625,365.7799987792969,370.79998779296875,359.4089660644531,1816200,GS
2023-02-07,368.1700134277344,376.30999755859375,367.3399963378906,374.3999938964844,362.89837646484375,2205500,GS
2023-02-08,372.9200134277344,378.3500061035156,371.9800109863281,375.1000061035156,363.5768737792969,1893200,GS
2023-02-09,377.0400085449219,379.67999267578125,367.79998779296875,367.989990234375,356.6852722167969,2052500,GS
2023-02-10,367.0,372.2300109863281,364.55999755859375,371.2799987792969,359.8742370605469,1933400,GS
2023-02-13,369.0899963378906,375.05999755859375,368.0,374.0199890136719,362.5300598144531,1570600,GS
2023-02-14,373.94000244140625,377.04998779296875,369.3800048828125,371.7799987792969,360.3588562011719,2155500,GS
2023-02-15,368.739990234375,374.3699951171875,368.25,374.3399963378906,362.8402099609375,1687200,GS
2023-02-16,370.75,374.25,368.79998779296875,370.20001220703125,358.8274230957031,1947800,GS
2023-02-17,368.04998779296875,371.05999755859375,366.8599853515625,368.5,357.1796569824219,1857300,GS
2023-02-21,366.7200012207031,366.7200012207031,360.0899963378906,361.1199951171875,350.0263671875,2403000,GS
2023-02-22,361.6300048828125,363.0,358.0400085449219,360.8900146484375,349.80340576171875,2203800,GS
2023-02-23,363.20001220703125,367.8800048828125,359.6099853515625,363.5400085449219,352.37200927734375,1931400,GS
2023-02-24,360.1700134277344,365.17999267578125,359.5299987792969,363.8500061035156,352.6725158691406,2428600,GS
2023-02-27,368.2200012207031,370.29998779296875,364.510009765625,365.5299987792969,354.3009033203125,2842400,GS
2023-02-28,366.0,366.010009765625,351.3299865722656,351.6499938964844,340.8472900390625,4945600,GS
2023-03-01,349.3900146484375,352.5400085449219,345.9599914550781,346.2300109863281,337.9967041015625,2717400,GS
2023-03-02,343.989990234375,349.7799987792969,340.489990234375,349.1000061035156,340.7984619140625,3259800,GS
2023-03-03,350.6400146484375,357.7699890136719,349.55999755859375,357.0899963378906,348.5984802246094,2396200,GS
2023-03-06,358.05999755859375,358.8599853515625,353.7300109863281,357.04998779296875,348.55938720703125,1614200,GS
2023-03-07,355.54998779296875,356.20001220703125,345.6300048828125,346.0799865722656,337.8502502441406,2048500,GS
2023-03-08,346.19000244140625,349.69000244140625,345.1700134277344,349.2900085449219,340.98394775390625,1584600,GS
2023-03-09,349.20001220703125,354.2900085449219,341.04998779296875,342.0899963378906,333.9551696777344,3177800,GS
2023-03-10,338.8699951171875,339.92999267578125,326.0299987792969,327.6700134277344,319.8780517578125,4559700,GS
2023-03-13,319.6700134277344,326.1099853515625,314.5400085449219,315.510009765625,308.0072326660156,5660700,GS
2023-03-14,324.7699890136719,326.3800048828125,318.95001220703125,322.1499938964844,314.4892883300781,3785900,GS
2023-03-15,310.7699890136719,312.510009765625,304.4100036621094,312.19000244140625,304.7661437988281,6596700,GS
2023-03-16,309.0,318.32000732421875,304.9200134277344,315.0899963378906,307.59722900390625,4399100,GS
2023-03-17,310.0899963378906,310.3999938964844,301.8699951171875,303.5400085449219,296.3218688964844,6369800,GS
2023-03-20,306.7799987792969,312.20001220703125,306.260009765625,309.5299987792969,302.16943359375,3963700,GS
2023-03-21,317.6199951171875,320.32000732421875,315.3500061035156,317.2799987792969,309.735107421875,3242400,GS
2023-03-22,317.2799987792969,322.2200012207031,313.489990234375,313.6700134277344,306.2109680175781,2505900,GS
2023-03-23,315.2099914550781,321.3599853515625,312.6400146484375,314.8500061035156,307.3629455566406,2585900,GS
2023-03-24,310.1499938964844,312.75,305.3599853515625,312.57000732421875,305.13714599609375,2456700,GS
2023-03-27,318.6199951171875,320.8999938964844,317.1700134277344,318.5299987792969,310.95538330078125,2300600,GS
2023-03-28,319.0899963378906,320.6099853515625,316.1199951171875,318.44000244140625,310.8675231933594,1224300,GS
2023-03-29,322.5,322.7099914550781,318.67999267578125,320.7200012207031,313.09332275390625,1475900,GS
2023-03-30,324.55999755859375,324.8699951171875,319.8800048828125,321.1400146484375,313.50335693359375,1456300,GS
2023-03-31,323.4700012207031,327.3299865722656,322.4200134277344,327.1099853515625,319.33135986328125,2281100,GS
2023-04-03,326.1400146484375,328.9800109863281,323.1499938964844,326.5199890136719,318.7554016113281,1808800,GS
2023-04-04,326.82000732421875,326.8699951171875,320.1199951171875,322.6499938964844,314.9774169921875,1536800,GS
2023-04-05,319.6199951171875,322.20001220703125,319.3699951171875,321.5299987792969,313.8840637207031,1329300,GS
2023-04-06,320.3800048828125,323.2300109863281,319.9800109863281,322.3999938964844,314.7333984375,1311000,GS
2023-04-10,322.3999938964844,324.989990234375,321.30999755859375,324.9599914550781,317.23248291015625,1114400,GS
2023-04-11,326.04998779296875,329.20001220703125,323.6700134277344,327.3699951171875,319.5851745605469,1559600,GS
2023-04-12,331.7200012207031,332.07000732421875,327.17999267578125,330.239990234375,322.3869323730469,1862400,GS
2023-04-13,330.0799865722656,332.94000244140625,327.0,332.1300048828125,324.23199462890625,1765500,GS
2023-04-14,336.5299987792969,339.6300048828125,334.32000732421875,336.9200134277344,328.9081115722656,2275700,GS
2023-04-17,336.0,340.45001220703125,333.67999267578125,339.67999267578125,331.60247802734375,3012100,GS
2023-04-18,328.0,336.54998779296875,326.1300048828125,333.9100036621094,325.9696960449219,7549500,GS
2023-04-19,332.9800109863281,336.989990234375,331.6700134277344,336.8900146484375,328.87884521484375,2625400,GS
2023-04-20,334.95001220703125,339.30999755859375,334.32000732421875,338.7099914550781,330.655517578125,2217900,GS
2023-04-21,339.0,342.3599853515625,336.0,341.6600036621094,333.53533935546875,2278900,GS
2023-04-24,341.989990234375,345.05999755859375,341.5299987792969,343.9599914550781,335.78070068359375,1966300,GS
2023-04-25,341.0,343.4700012207031,338.3299865722656,339.4800109863281,331.4072265625,2138200,GS
2023-04-26,337.5799865722656,340.6000061035156,334.6400146484375,336.55999755859375,328.5566711425781,2041900,GS
2023-04-27,340.1400146484375,343.3599853515625,338.760009765625,341.6000061035156,333.4767761230469,1768200,GS
2023-04-28,340.04998779296875,344.1000061035156,339.70001220703125,343.44000244140625,335.2730407714844,1712500,GS
2023-05-01,344.04998779296875,347.4599914550781,340.3699951171875,340.57000732421875,332.4712829589844,1375000,GS
2023-05-02,339.010009765625,339.8900146484375,330.0,333.3699951171875,325.4425354003906,2397600,GS
2023-05-03,332.3599853515625,334.8299865722656,328.25,328.6499938964844,320.83477783203125,1825400,GS
2023-05-04,325.95001220703125,326.9800109863281,318.55999755859375,321.260009765625,313.6205139160156,2965100,GS
2023-05-05,325.05999755859375,327.8699951171875,322.4200134277344,327.0199890136719,319.2434997558594,2412900,GS
2023-05-08,329.6400146484375,330.29998779296875,325.6700134277344,326.510009765625,318.7456359863281,1607300,GS
2023-05-09,325.0400085449219,327.17999267578125,323.29998779296875,324.7699890136719,317.0470275878906,1253300,GS
2023-05-10,329.9200134277344,329.9200134277344,319.0799865722656,322.54998779296875,314.87982177734375,1752200,GS
2023-05-11,319.6600036621094,321.94000244140625,318.17999267578125,320.7200012207031,313.09332275390625,1515200,GS
2023-05-12,322.0400085449219,323.2200012207031,317.32000732421875,319.5,311.90234375,1098800,GS
2023-05-15,320.4200134277344,323.25,318.05999755859375,322.07000732421875,314.4112548828125,1178200,GS
2023-05-16,322.5,323.07000732421875,320.5,320.80999755859375,313.1811828613281,1618900,GS
2023-05-17,322.6600036621094,330.3900146484375,322.6600036621094,330.17999267578125,322.328369140625,2098100,GS
2023-05-18,330.0,330.6000061035156,325.6600036621094,329.5799865722656,321.74261474609375,1645400,GS
2023-05-19,330.0,331.95001220703125,324.7900085449219,326.1499938964844,318.3941955566406,1545600,GS
2023-05-22,326.1499938964844,327.3399963378906,322.42999267578125,324.9200134277344,317.1934814453125,1498900,GS
2023-05-23,323.6000061035156,327.1400146484375,322.80999755859375,323.57000732421875,315.87554931640625,1550900,GS
2023-05-24,320.3900146484375,321.8999938964844,318.79998779296875,319.80999755859375,312.2049865722656,1439100,GS
2023-05-25,318.9200134277344,325.17999267578125,318.79998779296875,323.8800048828125,316.1781921386719,1618500,GS
2023-05-26,324.7200012207031,332.8699951171875,324.0,332.010009765625,324.1148681640625,2718700,GS
2023-05-30,332.0799865722656,332.5299987792969,327.7300109863281,330.8299865722656,322.962890625,1998600,GS
2023-05-31,326.07000732421875,327.25,321.82000732421875,323.8999938964844,318.6053161621094,2938000,GS
2023-06-01,324.510009765625,324.67999267578125,314.0199890136719,316.3999938964844,311.2279357910156,3339700,GS
2023-06-02,318.239990234375,325.2699890136719,317.04998779296875,323.6499938964844,318.3594055175781,3987700,GS
2023-06-05,322.92999267578125,323.489990234375,320.32000732421875,321.80999755859375,316.54949951171875,1462900,GS
2023-06-06,322.42999267578125,328.07000732421875,321.3999938964844,326.79998779296875,321.4578857421875,1495600,GS
2023-06-07,327.6400146484375,337.8399963378906,326.32000732421875,335.75,330.2616271972656,3382700,GS
2023-06-08,335.3599853515625,336.3299865722656,331.3399963378906,335.4700012207031,329.9861755371094,2009500,GS
2023-06-09,335.2099914550781,336.20001220703125,332.5400085449219,336.0199890136719,330.5271911621094,1702100,GS
2023-06-12,338.44000244140625,340.0899963378906,336.3500061035156,339.489990234375,333.94049072265625,2290800,GS
2023-06-13,340.20001220703125,345.2799987792969,339.45001220703125,342.5,336.9012756347656,1772400,GS
2023-06-14,344.7799987792969,347.7300109863281,337.2300109863281,338.4200134277344,332.8879699707031,1819400,GS
2023-06-15,337.32000732421875,344.0,335.70001220703125,339.739990234375,334.1864013671875,3322700,GS
2023-06-16,341.3800048828125,341.3999938964844,337.1099853515625,338.30999755859375,332.77978515625,4542800,GS
2023-06-20,335.32000732421875,335.3800048828125,329.2300109863281,330.7200012207031,325.3138427734375,3208100,GS
2023-06-21,328.45001220703125,330.0,324.9200134277344,325.07000732421875,319.7561950683594,2158700,GS
2023-06-22,323.69000244140625,324.260009765625,319.010009765625,319.5799865722656,314.3559265136719,2409100,GS
2023-06-23,316.55999755859375,317.7099914550781,314.07000732421875,314.7099914550781,309.5655517578125,2609200,GS
2023-06-26,315.1300048828125,316.6400146484375,312.1700134277344,312.3599853515625,307.2539367675781,2481000,GS
2023-06-27,312.4100036621094,315.67999267578125,310.55999755859375,313.45001220703125,308.3261413574219,2156800,GS
2023-06-28,311.7200012207031,314.8999938964844,310.69000244140625,313.6600036621094,308.53271484375,2423500,GS
2023-06-29,317.8500061035156,325.5,316.25,323.0899963378906,317.80853271484375,3553600,GS
2023-06-30,325.82000732421875,326.0299987792969,322.45001220703125,322.5400085449219,317.2675476074219,2361200,GS
2023-07-03,322.4100036621094,329.3999938964844,322.4100036621094,326.6099853515625,321.27099609375,1106800,GS
2023-07-05,323.95001220703125,324.6099853515625,319.6300048828125,320.04998779296875,314.8182678222656,2561000,GS
2023-07-06,318.0,318.6400146484375,312.8399963378906,313.0,307.88348388671875,2896900,GS
2023-07-07,313.20001220703125,317.3699951171875,312.70001220703125,315.1700134277344,310.0180358886719,2901200,GS
2023-07-10,316.6700134277344,320.0799865722656,316.0,316.4700012207031,311.2967834472656,1775800,GS
2023-07-11,318.8299865722656,321.0400085449219,314.5799865722656,320.8800048828125,315.6346740722656,2042600,GS
2023-07-12,324.5799865722656,333.3500061035156,324.25,326.3999938964844,321.064453125,2741300,GS
2023-07-13,327.3500061035156,329.2799987792969,325.69000244140625,328.67999267578125,323.30718994140625,2787800,GS
2023-07-14,331.989990234375,332.4800109863281,325.0199890136719,326.19000244140625,320.8578796386719,1814800,GS
2023-07-17,325.8900146484375,327.489990234375,324.3599853515625,327.20001220703125,321.8514099121094,1777400,GS
2023-07-18,327.29998779296875,338.25,327.29998779296875,337.2699890136719,331.7567443847656,3899100,GS
2023-07-19,338.0,345.8800048828125,331.29998779296875,340.54998779296875,334.983154296875,6037400,GS
2023-07-20,339.1600036621094,351.67999267578125,339.1600036621094,350.8599853515625,345.1246032714844,3915000,GS
2023-07-21,351.7799987792969,355.0799865722656,346.7799987792969,351.9599914550781,346.2066345214844,3216300,GS
2023-07-24,352.8299865722656,361.6199951171875,352.0,358.92999267578125,353.06268310546875,3517500,GS
2023-07-25,357.4200134277344,360.82000732421875,353.9800109863281,354.70001220703125,348.90185546875,2893000,GS
2023-07-26,354.489990234375,360.260009765625,354.2799987792969,357.55999755859375,351.715087890625,2281600,GS
2023-07-27,358.1300048828125,360.5400085449219,354.1700134277344,354.510009765625,348.7149658203125,2010800,GS
2023-07-28,356.1099853515625,356.5,351.6099853515625,353.2300109863281,347.4559020996094,1827400,GS
2023-07-31,354.8800048828125,357.20001220703125,354.0199890136719,355.8699951171875,350.0527038574219,1385500,GS
2023-08-01,354.0,357.8699951171875,353.3900146484375,357.7200012207031,351.8724670410156,2024300,GS
2023-08-02,354.989990234375,354.989990234375,348.8699951171875,351.1000061035156,345.3606872558594,2106600,GS
2023-08-03,349.989990234375,355.2099914550781,348.6199951171875,353.1600036621094,347.38702392578125,1840400,GS
2023-08-04,353.3399963378906,358.7300109863281,352.510009765625,353.2200012207031,347.446044921875,1724700,GS
2023-08-07,355.3999938964844,357.6700134277344,353.9200134277344,355.55999755859375,349.747802734375,1260300,GS
2023-08-08,351.70001220703125,352.0,342.0299987792969,348.260009765625,342.567138671875,1917300,GS
2023-08-09,346.82000732421875,348.4599914550781,342.489990234375,342.69000244140625,337.08819580078125,1326000,GS
2023-08-10,344.07000732421875,347.260009765625,339.79998779296875,340.3999938964844,334.8356018066406,1345900,GS
2023-08-11,339.92999267578125,341.7900085449219,337.54998779296875,340.7300109863281,335.16021728515625,1256800,GS
2023-08-14,337.4100036621094,338.45001220703125,334.8599853515625,337.739990234375,332.2190856933594,1347000,GS
2023-08-15,333.29998779296875,334.0299987792969,330.4800109863281,332.2099914550781,326.77947998046875,1657800,GS
2023-08-16,330.5400085449219,332.9200134277344,328.9700012207031,329.1099853515625,323.73016357421875,3340300,GS
2023-08-17,330.0,333.989990234375,324.0,327.5199890136719,322.1661376953125,3135200,GS
2023-08-18,324.32000732421875,327.6199951171875,323.20001220703125,324.92999267578125,319.61846923828125,1730100,GS
2023-08-21,325.3900146484375,326.3900146484375,319.3900146484375,322.05999755859375,316.7953796386719,1983500,GS
2023-08-22,322.4800109863281,322.6400146484375,318.30999755859375,318.7900085449219,313.578857421875,1810300,GS
2023-08-23,320.6199951171875,322.45001220703125,318.0,322.3299865722656,317.06097412109375,1429000,GS
2023-08-24,322.1499938964844,327.489990234375,319.510009765625,319.9599914550781,314.729736328125,1185600,GS
2023-08-25,320.79998779296875,322.7200012207031,318.19000244140625,320.1499938964844,314.9166259765625,1159600,GS
2023-08-28,321.3399963378906,326.6000061035156,321.3399963378906,325.9700012207031,320.6414794921875,1440100,GS
2023-08-29,325.55999755859375,332.70001220703125,324.67999267578125,332.54998779296875,327.1139221191406,1831700,GS
2023-08-30,330.0,331.9100036621094,327.6499938964844,328.5799865722656,325.9038391113281,1131500,GS
2023-08-31,329.4100036621094,330.489990234375,325.9599914550781,327.7099914550781,325.0409240722656,1271100,GS
2023-09-01,329.6700134277344,331.6199951171875,326.2099914550781,327.3999938964844,324.73345947265625,1201400,GS
2023-09-05,327.3399963378906,328.4800109863281,322.6300048828125,323.75,321.1131896972656,1846000,GS
2023-09-06,322.30999755859375,324.1400146484375,319.30999755859375,321.1300048828125,318.5145568847656,2120800,GS
2023-09-07,320.6199951171875,324.2200012207031,320.1300048828125,321.9599914550781,319.3377685546875,1471100,GS
2023-09-08,321.9200134277344,325.9700012207031,321.6600036621094,325.5199890136719,322.8687744140625,2026400,GS
2023-09-11,328.260009765625,330.1499938964844,324.2900085449219,324.6499938964844,322.005859375,1283100,GS
2023-09-12,324.010009765625,335.2799987792969,324.0,330.8999938964844,328.2049560546875,2054700,GS
2023-09-13,333.5,337.010009765625,330.82000732421875,334.9800109863281,332.2517395019531,2165000,GS
2023-09-14,339.0,345.1199951171875,336.8500061035156,344.57000732421875,341.7636413574219,2822700,GS
2023-09-15,345.1499938964844,346.19000244140625,341.8599853515625,342.5400085449219,339.75018310546875,3058800,GS
2023-09-18,342.5400085449219,344.260009765625,339.2699890136719,343.32000732421875,340.5238037109375,1356600,GS
2023-09-19,343.4599914550781,344.9700012207031,337.9700012207031,341.8900146484375,339.10546875,1660200,GS
2023-09-20,342.6099853515625,343.79998779296875,336.2900085449219,336.70001220703125,333.9577331542969,1224400,GS
2023-09-21,334.5,334.69000244140625,330.0799865722656,330.239990234375,327.5503234863281,1685100,GS
2023-09-22,330.1000061035156,331.5400085449219,326.8299865722656,327.8900146484375,325.219482421875,1669100,GS
2023-09-25,327.07000732421875,329.2900085449219,325.2799987792969,328.8399963378906,326.1617431640625,833300,GS
2023-09-26,325.6099853515625,327.42999267578125,322.4200134277344,323.82000732421875,321.1826477050781,1481800,GS
2023-09-27,324.9800109863281,325.0,318.9800109863281,321.95001220703125,319.327880859375,1493000,GS
2023-09-28,320.2099914550781,326.8399963378906,320.2099914550781,325.20001220703125,322.5513916015625,1389600,GS
2023-09-29,327.20001220703125,327.9599914550781,322.2699890136719,323.57000732421875,320.9346618652344,1403900,GS
2023-10-02,322.0299987792969,323.5799865722656,317.1000061035156,318.5,315.90594482421875,1303800,GS
2023-10-03,315.2699890136719,315.67999267578125,304.3900146484375,306.1199951171875,303.62677001953125,3118600,GS
2023-10-04,304.8500061035156,309.05999755859375,303.4800109863281,308.6000061035156,306.08660888671875,1872000,GS
2023-10-05,307.3599853515625,310.54998779296875,304.2099914550781,310.5,307.9710998535156,1584600,GS
2023-10-06,308.1099853515625,315.32000732421875,307.1700134277344,312.4800109863281,309.93499755859375,1595100,GS
2023-10-09,308.8999938964844,313.4800109863281,308.3699951171875,312.6099853515625,310.06390380859375,1094400,GS
2023-10-10,314.4700012207031,316.8500061035156,312.2900085449219,314.7699890136719,312.2063293457031,1193800,GS
2023-10-11,315.42999267578125,316.6300048828125,311.6000061035156,313.0199890136719,310.4705810546875,1672500,GS
2023-10-12,314.1499938964844,314.25,308.0199890136719,309.8500061035156,307.326416015625,1727700,GS
2023-10-13,312.0,316.17999267578125,308.1700134277344,309.29998779296875,306.7808837890625,1785200,GS
2023-10-16,313.17999267578125,315.8999938964844,310.25,314.3900146484375,311.8294372558594,2273900,GS
2023-10-17,313.3800048828125,316.17999267578125,305.9100036621094,309.3599853515625,306.84039306640625,4123000,GS
2023-10-18,307.0,307.2200012207031,301.4800109863281,301.9599914550781,299.50067138671875,3460300,GS
2023-10-19,301.9599914550781,305.3399963378906,298.6300048828125,299.19000244140625,296.75323486328125,3211800,GS
2023-10-20,298.5,303.25,298.1000061035156,300.04998779296875,297.606201171875,2328700,GS
2023-10-23,298.2900085449219,303.54998779296875,298.19000244140625,299.2200012207031,296.7829895019531,2959800,GS
2023-10-24,300.0,303.1000061035156,299.0799865722656,299.17999267578125,296.7433166503906,1697100,GS
2023-10-25,298.6000061035156,300.0,295.0299987792969,296.760009765625,294.343017578125,1809300,GS
2023-10-26,296.9599914550781,300.1400146484375,294.7799987792969,296.989990234375,294.5711364746094,2011200,GS
2023-10-27,297.54998779296875,298.2699890136719,289.3599853515625,289.9100036621094,287.548828125,2601700,GS
2023-10-30,293.45001220703125,301.80999755859375,293.2900085449219,300.8299865722656,298.3798522949219,3065200,GS
2023-10-31,301.67999267578125,304.2900085449219,300.70001220703125,303.6099853515625,301.13720703125,2611000,GS
2023-11-01,303.3299865722656,308.25,302.8399963378906,307.1600036621094,304.6583251953125,2345400,GS
2023-11-02,309.69000244140625,314.5400085449219,308.0,313.760009765625,311.2045593261719,2597000,GS
2023-11-03,318.4599914550781,329.3299865722656,317.92999267578125,327.6199951171875,324.95166015625,3740800,GS
2023-11-06,326.6600036621094,328.8999938964844,322.1000061035156,323.9100036621094,321.27191162109375,2087600,GS
2023-11-07,322.1300048828125,326.3900146484375,321.2900085449219,323.95001220703125,321.31158447265625,1505000,GS
2023-11-08,323.95001220703125,326.6600036621094,323.6700134277344,324.55999755859375,321.9165954589844,1484400,GS
2023-11-09,326.0,326.6499938964844,319.6600036621094,320.7799987792969,318.1673889160156,1787900,GS
2023-11-10,323.32000732421875,326.05999755859375,321.6499938964844,325.510009765625,322.85888671875,1781400,GS
2023-11-13,324.1600036621094,328.7200012207031,323.5299987792969,326.9100036621094,324.2474670410156,1403300,GS
2023-11-14,333.5299987792969,341.7799987792969,332.4700012207031,338.7200012207031,335.9612731933594,3592700,GS
2023-11-15,339.8999938964844,341.0799865722656,335.3399963378906,337.6000061035156,334.85040283203125,2534500,GS
2023-11-16,337.760009765625,339.75,335.010009765625,336.6700134277344,333.927978515625,1620400,GS
2023-11-17,339.5,340.45001220703125,338.1199951171875,339.19000244140625,336.4274597167969,1465200,GS
2023-11-20,340.0,341.32000732421875,337.5,339.45001220703125,336.6853332519531,3146000,GS
2023-11-21,338.3599853515625,339.0899963378906,334.54998779296875,334.9700012207031,332.2418212890625,1900900,GS
2023-11-22,336.94000244140625,338.9100036621094,335.3699951171875,338.6400146484375,335.8819274902344,1235200,GS
2023-11-24,338.79998779296875,340.2699890136719,337.6400146484375,339.1499938964844,336.38775634765625,460100,GS
2023-11-27,339.19000244140625,340.0199890136719,335.739990234375,337.7099914550781,334.9595031738281,1250500,GS
2023-11-28,337.3800048828125,338.3999938964844,334.8699951171875,337.6499938964844,334.8999938964844,1419000,GS
2023-11-29,337.0,343.5299987792969,336.510009765625,340.260009765625,340.260009765625,2038100,GS
2023-11-30,341.67999267578125,344.760009765625,340.0899963378906,341.5400085449219,341.5400085449219,1903600,GS
2023-12-01,341.4599914550781,348.8900146484375,340.4200134277344,348.42999267578125,348.42999267578125,3622800,GS
2023-12-04,346.29998779296875,350.489990234375,345.2900085449219,349.3900146484375,349.3900146484375,2178100,GS
2023-12-05,346.6000061035156,346.8299865722656,340.5400085449219,341.75,341.75,2429700,GS
2023-12-06,343.510009765625,347.0,341.6000061035156,341.9700012207031,341.9700012207031,1869300,GS
2023-12-07,343.7099914550781,344.69000244140625,342.0,344.6199951171875,344.6199951171875,2162400,GS
2023-12-08,344.30999755859375,352.2900085449219,343.7799987792969,350.8299865722656,350.8299865722656,2238800,GS
2023-12-11,351.44000244140625,353.0299987792969,349.04998779296875,351.760009765625,351.760009765625,1636000,GS
2023-12-12,351.4100036621094,354.0,349.5799865722656,352.6099853515625,352.6099853515625,1597600,GS
2023-12-13,352.94000244140625,362.8500061035156,351.6000061035156,362.7300109863281,362.7300109863281,2876500,GS
2023-12-14,366.5,386.20001220703125,365.0,383.4700012207031,383.4700012207031,5376300,GS
2023-12-15,380.19000244140625,385.8999938964844,379.32000732421875,380.510009765625,380.510009765625,4521600,GS
2023-12-18,381.260009765625,382.760009765625,375.9100036621094,376.3999938964844,376.3999938964844,2740900,GS
2023-12-19,376.010009765625,383.7699890136719,374.54998779296875,382.45001220703125,382.45001220703125,2091800,GS
2023-12-20,380.7300109863281,385.1300048828125,377.25,377.5199890136719,377.5199890136719,1836500,GS
2023-12-21,380.04998779296875,381.489990234375,377.010009765625,380.57000732421875,380.57000732421875,1301600,GS
2023-12-22,382.0,383.489990234375,379.4100036621094,380.6499938964844,380.6499938964844,1538200,GS
2023-12-26,380.6499938964844,382.6099853515625,380.04998779296875,381.6099853515625,381.6099853515625,837300,GS
2023-12-27,381.20001220703125,385.75,380.30999755859375,384.4800109863281,384.4800109863281,1367200,GS
2023-12-28,384.5199890136719,387.760009765625,383.6300048828125,386.4100036621094,386.4100036621094,1024700,GS
2023-12-29,385.57000732421875,386.6400146484375,383.57000732421875,385.7699890136719,385.7699890136719,881300,GS
2023-01-03,135.19000244140625,136.9499969482422,133.02999877929688,134.77999877929688,134.77999877929688,8196400,CRM
2023-01-04,141.22000122070312,141.85000610351562,137.6199951171875,139.58999633789062,139.58999633789062,14322600,CRM
2023-01-05,137.63999938964844,138.58999633789062,134.24000549316406,136.33999633789062,136.33999633789062,8493500,CRM
2023-01-06,137.5800018310547,141.64999389648438,135.5500030517578,140.50999450683594,140.50999450683594,9145700,CRM
2023-01-09,142.58999633789062,149.1999969482422,142.58999633789062,147.10000610351562,147.10000610351562,13679700,CRM
2023-01-10,145.80999755859375,149.27999877929688,145.60000610351562,147.44000244140625,147.44000244140625,6527700,CRM
2023-01-11,145.27999877929688,147.0399932861328,143.55999755859375,144.89999389648438,144.89999389648438,13595000,CRM
2023-01-12,147.83999633789062,149.82000732421875,143.94000244140625,149.60000610351562,149.60000610351562,11678000,CRM
2023-01-13,146.1999969482422,149.9600067138672,146.08999633789062,149.50999450683594,149.50999450683594,8378100,CRM
2023-01-17,149.60000610351562,150.49000549316406,146.10000610351562,148.47000122070312,148.47000122070312,9407600,CRM
2023-01-18,148.86000061035156,149.5399932861328,145.2899932861328,145.4499969482422,145.4499969482422,7812600,CRM
2023-01-19,143.52000427246094,146.67999267578125,143.16000366210938,146.41000366210938,146.41000366210938,7070100,CRM
2023-01-20,144.3000030517578,151.52999877929688,144.3000030517578,151.25,151.25,10127100,CRM
2023-01-23,157.35000610351562,157.8699951171875,153.22999572753906,155.8699951171875,155.8699951171875,19922900,CRM
2023-01-24,155.89999389648438,160.2100067138672,154.5,154.86000061035156,154.86000061035156,6390200,CRM
2023-01-25,151.2100067138672,156.39999389648438,149.82000732421875,156.1699981689453,156.1699981689453,9390500,CRM
2023-01-26,158.19000244140625,165.1699981689453,158.10000610351562,165.08999633789062,165.08999633789062,13354600,CRM
2023-01-27,165.0500030517578,167.24000549316406,163.60000610351562,164.52000427246094,164.52000427246094,9872300,CRM
2023-01-30,164.07000732421875,166.44000244140625,163.39999389648438,164.75,164.75,8169800,CRM
2023-01-31,164.27999877929688,168.00999450683594,164.27999877929688,167.97000122070312,167.97000122070312,6421300,CRM
2023-02-01,167.72999572753906,173.0800018310547,167.0,171.82000732421875,171.82000732421875,8853900,CRM
2023-02-02,175.7100067138672,178.83999633789062,172.89999389648438,174.63999938964844,174.63999938964844,10667100,CRM
2023-02-03,170.02000427246094,175.0800018310547,169.86000061035156,171.0399932861328,171.0399932861328,6481700,CRM
2023-02-06,168.0,171.1699981689453,167.35000610351562,169.0500030517578,169.0500030517578,4310600,CRM
2023-02-07,167.57000732421875,171.72999572753906,166.61000061035156,171.27999877929688,171.27999877929688,6179200,CRM
2023-02-08,170.0,172.4499969482422,169.22999572753906,169.6300048828125,169.6300048828125,7694500,CRM
2023-02-09,173.3300018310547,175.3800048828125,172.00999450683594,173.66000366210938,173.66000366210938,11512300,CRM
2023-02-10,167.66000366210938,169.74000549316406,165.3300018310547,167.02999877929688,167.02999877929688,11273700,CRM
2023-02-13,168.27999877929688,171.16000366210938,166.9499969482422,171.0800018310547,171.0800018310547,8820300,CRM
2023-02-14,168.22000122070312,172.7899932861328,167.85000610351562,169.9600067138672,169.9600067138672,8393100,CRM
2023-02-15,168.85000610351562,171.61000061035156,168.24000549316406,171.10000610351562,171.10000610351562,4997000,CRM
2023-02-16,168.99000549316406,170.3699951171875,167.9600067138672,168.11000061035156,168.11000061035156,7483500,CRM
2023-02-17,165.02999877929688,167.11000061035156,162.74000549316406,165.1699981689453,165.1699981689453,8084500,CRM
2023-02-21,163.74000549316406,164.50999450683594,161.4499969482422,161.6199951171875,161.6199951171875,5210800,CRM
2023-02-22,163.11000061035156,165.0,162.11000061035156,163.36000061035156,163.36000061035156,4343700,CRM
2023-02-23,165.2899932861328,165.47000122070312,161.57000732421875,164.1199951171875,164.1199951171875,4679400,CRM
2023-02-24,160.58999633789062,162.38999938964844,159.66000366210938,162.1999969482422,162.1999969482422,6569900,CRM
2023-02-27,163.83999633789062,164.77000427246094,162.22000122070312,163.13999938964844,163.13999938964844,6891200,CRM
2023-02-28,162.52999877929688,164.4499969482422,161.52999877929688,163.61000061035156,163.61000061035156,6912600,CRM
2023-03-01,162.99000549316406,167.97999572753906,162.97999572753906,167.35000610351562,167.35000610351562,15841200,CRM
2023-03-02,193.1199951171875,193.91000366210938,185.1999969482422,186.58999633789062,186.58999633789062,37712500,CRM
2023-03-03,188.07000732421875,189.77000427246094,184.2899932861328,186.42999267578125,186.42999267578125,12087200,CRM
2023-03-06,185.07000732421875,189.0,183.6300048828125,183.8000030517578,183.8000030517578,10770300,CRM
2023-03-07,184.4600067138672,186.16000366210938,183.02999877929688,183.32000732421875,183.32000732421875,9024300,CRM
2023-03-08,183.3000030517578,184.89999389648438,181.8000030517578,182.9499969482422,182.9499969482422,6749100,CRM
2023-03-09,183.10000610351562,183.83999633789062,178.5399932861328,178.72000122070312,178.72000122070312,7102400,CRM
2023-03-10,178.5,179.36000061035156,171.7100067138672,173.17999267578125,173.17999267578125,14109000,CRM
2023-03-13,171.0,177.10000610351562,170.0,175.50999450683594,175.50999450683594,9154800,CRM
2023-03-14,180.0,185.30999755859375,179.11000061035156,182.88999938964844,182.88999938964844,10138100,CRM
2023-03-15,179.16000366210938,183.86000061035156,178.2100067138672,182.91000366210938,182.91000366210938,7716900,CRM
2023-03-16,183.3000030517578,187.64999389648438,182.97999572753906,187.3000030517578,187.3000030517578,8369500,CRM
2023-03-17,186.0399932861328,187.66000366210938,184.17999267578125,184.85000610351562,184.85000610351562,10493300,CRM
2023-03-20,184.2100067138672,185.52000427246094,182.64999389648438,185.25,185.25,5513200,CRM
2023-03-21,185.8699951171875,189.27999877929688,184.88999938964844,188.67999267578125,188.67999267578125,6982000,CRM
2023-03-22,190.0,191.44000244140625,186.41000366210938,186.50999450683594,186.50999450683594,6575600,CRM
2023-03-23,187.39999389648438,190.55999755859375,185.5800018310547,187.44000244140625,187.44000244140625,8685000,CRM
2023-03-24,186.5,190.32000732421875,186.08999633789062,190.05999755859375,190.05999755859375,6102700,CRM
2023-03-27,188.9199981689453,192.11000061035156,188.91000366210938,191.25999450683594,191.25999450683594,7776500,CRM
2023-03-28,191.17999267578125,192.8300018310547,191.17999267578125,192.3000030517578,192.3000030517578,4899000,CRM
2023-03-29,193.13999938964844,197.42999267578125,192.8800048828125,196.63999938964844,196.63999938964844,8085200,CRM
2023-03-30,197.77000427246094,198.1699981689453,195.49000549316406,196.60000610351562,196.60000610351562,6932500,CRM
2023-03-31,197.49000549316406,200.0,196.99000549316406,199.77999877929688,199.77999877929688,6634300,CRM
2023-04-03,198.22000122070312,198.92999267578125,195.52999877929688,196.49000549316406,196.49000549316406,5340800,CRM
2023-04-04,198.14999389648438,198.6999969482422,196.6199951171875,197.1999969482422,197.1999969482422,4659100,CRM
2023-04-05,198.0,198.2899932861328,193.72999572753906,195.30999755859375,195.30999755859375,3953700,CRM
2023-04-06,194.0,194.07000732421875,189.60000610351562,192.5500030517578,192.5500030517578,6304700,CRM
2023-04-10,190.58999633789062,192.5500030517578,189.27999877929688,191.49000549316406,191.49000549316406,5263800,CRM
2023-04-11,189.05999755859375,190.4600067138672,187.30999755859375,188.88999938964844,188.88999938964844,4907700,CRM
2023-04-12,190.3000030517578,191.88999938964844,189.52999877929688,190.32000732421875,190.32000732421875,5033400,CRM
2023-04-13,190.4499969482422,194.3800048828125,190.4499969482422,194.02000427246094,194.02000427246094,4716400,CRM
2023-04-14,191.85000610351562,195.1699981689453,191.19000244140625,194.64999389648438,194.64999389648438,5073800,CRM
2023-04-17,195.16000366210938,197.52000427246094,195.02999877929688,197.0800018310547,197.0800018310547,5413500,CRM
2023-04-18,199.0800018310547,200.1199951171875,197.05999755859375,198.5,198.5,4679000,CRM
2023-04-19,196.3000030517578,199.07000732421875,195.72999572753906,198.9199981689453,198.9199981689453,3665100,CRM
2023-04-20,197.17999267578125,200.0800018310547,196.82000732421875,197.50999450683594,197.50999450683594,3620000,CRM
2023-04-21,197.02999877929688,199.1199951171875,196.47000122070312,199.02999877929688,199.02999877929688,4860100,CRM
2023-04-24,198.4499969482422,198.77000427246094,194.05999755859375,194.9199981689453,194.9199981689453,4449700,CRM
2023-04-25,193.97000122070312,194.1199951171875,190.6300048828125,190.6699981689453,190.6699981689453,5010000,CRM
2023-04-26,192.6199951171875,194.3699951171875,190.57000732421875,191.52000427246094,191.52000427246094,4007600,CRM
2023-04-27,194.1699981689453,197.50999450683594,193.27000427246094,195.94000244140625,195.94000244140625,4794400,CRM
2023-04-28,196.14999389648438,198.64999389648438,195.27000427246094,198.3699951171875,198.3699951171875,4094600,CRM
2023-05-01,197.75999450683594,199.0500030517578,197.1199951171875,197.7899932861328,197.7899932861328,2882900,CRM
2023-05-02,198.02000427246094,198.41000366210938,192.92999267578125,193.83999633789062,193.83999633789062,6051000,CRM
2023-05-03,194.2100067138672,195.7899932861328,192.55999755859375,192.61000061035156,192.61000061035156,3779900,CRM
2023-05-04,191.89999389648438,194.55999755859375,190.75999450683594,192.3800048828125,192.3800048828125,4386500,CRM
2023-05-05,193.9499969482422,198.11000061035156,193.25,197.58999633789062,197.58999633789062,4282800,CRM
2023-05-08,198.72000122070312,200.5,196.0800018310547,197.89999389648438,197.89999389648438,4169400,CRM
2023-05-09,196.77999877929688,203.8000030517578,196.77999877929688,201.17999267578125,201.17999267578125,6996800,CRM
2023-05-10,204.94000244140625,206.27999877929688,203.0399932861328,204.85000610351562,204.85000610351562,6535600,CRM
2023-05-11,202.91000366210938,203.8000030517578,198.5500030517578,203.47000122070312,203.47000122070312,5366300,CRM
2023-05-12,203.42999267578125,203.9600067138672,200.1300048828125,201.80999755859375,201.80999755859375,4733000,CRM
2023-05-15,203.75,205.39999389648438,202.47999572753906,203.3300018310547,203.3300018310547,4518200,CRM
2023-05-16,201.92999267578125,205.6699981689453,201.75,204.55999755859375,204.55999755859375,4423200,CRM
2023-05-17,206.5,209.49000549316406,204.8000030517578,209.3800048828125,209.3800048828125,5772200,CRM
2023-05-18,209.5,213.8800048828125,209.3300018310547,213.32000732421875,213.32000732421875,5165500,CRM
2023-05-19,212.9600067138672,213.24000549316406,209.92999267578125,210.36000061035156,210.36000061035156,6090800,CRM
2023-05-22,209.1699981689453,212.82000732421875,209.0399932861328,210.25999450683594,210.25999450683594,3890800,CRM
2023-05-23,207.74000549316406,209.63999938964844,206.47000122070312,206.63999938964844,206.63999938964844,4256800,CRM
2023-05-24,206.0399932861328,210.2100067138672,205.4199981689453,209.05999755859375,209.05999755859375,4894000,CRM
2023-05-25,212.02000427246094,212.3300018310547,208.44000244140625,209.91000366210938,209.91000366210938,6496700,CRM
2023-05-26,212.8000030517578,216.14999389648438,212.5500030517578,215.44000244140625,215.44000244140625,6933300,CRM
2023-05-30,219.27000427246094,222.13999938964844,215.72999572753906,218.8699951171875,218.8699951171875,10421000,CRM
2023-05-31,219.5500030517578,225.0,217.05999755859375,223.3800048828125,223.3800048828125,19624000,CRM
2023-06-01,208.22000122070312,215.36000061035156,206.05999755859375,212.89999389648438,212.89999389648438,20907400,CRM
2023-06-02,212.89999389648438,216.13999938964844,210.42999267578125,213.02999877929688,213.02999877929688,11023500,CRM
2023-06-05,210.47000122070312,212.32000732421875,207.05999755859375,209.86000061035156,209.86000061035156,7804400,CRM
2023-06-06,208.5500030517578,213.39999389648438,208.3699951171875,212.85000610351562,212.85000610351562,6796000,CRM
2023-06-07,214.8800048828125,216.66000366210938,204.77999877929688,205.72999572753906,205.72999572753906,9323900,CRM
2023-06-08,205.3800048828125,210.3800048828125,204.85000610351562,209.52999877929688,209.52999877929688,5548600,CRM
2023-06-09,210.69000244140625,218.66000366210938,210.69000244140625,215.30999755859375,215.30999755859375,7676700,CRM
2023-06-12,216.14999389648438,220.38999938964844,212.13999938964844,213.69000244140625,213.69000244140625,11568300,CRM
2023-06-13,215.5,216.22999572753906,207.9199981689453,208.97999572753906,208.97999572753906,11698900,CRM
2023-06-14,207.6999969482422,211.7100067138672,205.02000427246094,209.39999389648438,209.39999389648438,8963400,CRM
2023-06-15,207.9499969482422,213.3300018310547,207.3699951171875,211.9199981689453,211.9199981689453,7905400,CRM
2023-06-16,213.5399932861328,213.64999389648438,210.60000610351562,211.75999450683594,211.75999450683594,13671200,CRM
2023-06-20,208.64999389648438,217.0500030517578,208.61000061035156,216.97000122070312,216.97000122070312,9522900,CRM
2023-06-21,216.52000427246094,217.8000030517578,208.07000732421875,209.58999633789062,209.58999633789062,7971600,CRM
2023-06-22,209.6300048828125,213.9600067138672,209.08999633789062,213.2899932861328,213.2899932861328,5689800,CRM
2023-06-23,210.5,211.0,208.07000732421875,210.08999633789062,210.08999633789062,14017200,CRM
2023-06-26,209.02000427246094,211.75,207.35000610351562,207.36000061035156,207.36000061035156,4771500,CRM
2023-06-27,208.13999938964844,210.47999572753906,207.52000427246094,208.82000732421875,208.82000732421875,4014800,CRM
2023-06-28,208.41000366210938,212.1999969482422,207.60000610351562,212.1699981689453,212.1699981689453,4775900,CRM
2023-06-29,211.89999389648438,212.64999389648438,209.72000122070312,210.42999267578125,210.42999267578125,3838300,CRM
2023-06-30,211.86000061035156,213.85000610351562,210.9600067138672,211.25999450683594,211.25999450683594,5983800,CRM
2023-07-03,210.57000732421875,211.9600067138672,209.9199981689453,211.64999389648438,211.64999389648438,2400000,CRM
2023-07-05,210.49000549316406,214.6199951171875,210.08999633789062,213.82000732421875,213.82000732421875,5069300,CRM
2023-07-06,211.1999969482422,212.5,207.8300018310547,210.13999938964844,210.13999938964844,4250900,CRM
2023-07-07,209.77000427246094,212.11000061035156,209.27999877929688,209.58999633789062,209.58999633789062,3020800,CRM
2023-07-10,209.0,212.8699951171875,208.32000732421875,212.80999755859375,212.80999755859375,3820100,CRM
2023-07-11,222.05999755859375,222.35000610351562,217.24000549316406,221.1699981689453,221.1699981689453,10030500,CRM
2023-07-12,221.89999389648438,228.08999633789062,221.61000061035156,227.27999877929688,227.27999877929688,8923500,CRM
2023-07-13,228.25999450683594,230.9600067138672,227.60000610351562,230.3699951171875,230.3699951171875,5800300,CRM
2023-07-14,229.6999969482422,232.1999969482422,228.14999389648438,229.3300018310547,229.3300018310547,4274700,CRM
2023-07-17,229.24000549316406,230.27999877929688,227.80999755859375,228.0,228.0,3557900,CRM
2023-07-18,227.0500030517578,229.6199951171875,225.47000122070312,227.6300048828125,227.6300048828125,5094200,CRM
2023-07-19,233.97999572753906,238.22000122070312,231.22999572753906,234.3699951171875,234.3699951171875,8516300,CRM
2023-07-20,231.10000610351562,233.5,227.32000732421875,228.16000366210938,228.16000366210938,5303000,CRM
2023-07-21,230.0,230.80999755859375,227.2899932861328,228.05999755859375,228.05999755859375,3527800,CRM
2023-07-24,227.25999450683594,227.58999633789062,223.5399932861328,225.66000366210938,225.66000366210938,5363200,CRM
2023-07-25,225.8800048828125,227.52000427246094,225.19000244140625,226.02999877929688,226.02999877929688,3203700,CRM
2023-07-26,224.4600067138672,227.50999450683594,223.1199951171875,225.5800018310547,225.5800018310547,4856700,CRM
2023-07-27,228.0399932861328,230.13999938964844,224.00999450683594,225.14999389648438,225.14999389648438,4299600,CRM
2023-07-28,226.0,227.30999755859375,223.97999572753906,225.60000610351562,225.60000610351562,4238700,CRM
2023-07-31,222.35000610351562,225.3800048828125,221.75,225.00999450683594,225.00999450683594,5571900,CRM
2023-08-01,223.88999938964844,224.80999755859375,221.6300048828125,224.27000427246094,224.27000427246094,4212600,CRM
2023-08-02,221.97999572753906,222.85000610351562,218.8000030517578,220.5,220.5,5127000,CRM
2023-08-03,216.1999969482422,218.2100067138672,214.60000610351562,215.55999755859375,215.55999755859375,5515200,CRM
2023-08-04,216.41000366210938,217.25,213.07000732421875,214.58999633789062,214.58999633789062,4799800,CRM
2023-08-07,215.30999755859375,216.88999938964844,214.3699951171875,216.05999755859375,216.05999755859375,3615200,CRM
2023-08-08,213.5500030517578,214.19000244140625,211.13999938964844,211.5800018310547,211.5800018310547,4843800,CRM
2023-08-09,211.64999389648438,211.66000366210938,204.91000366210938,205.86000061035156,205.86000061035156,7847500,CRM
2023-08-10,208.17999267578125,210.33999633789062,206.44000244140625,208.25,208.25,4004700,CRM
2023-08-11,206.1300048828125,209.5,205.5,208.6999969482422,208.6999969482422,2930000,CRM
2023-08-14,207.89999389648438,212.10000610351562,207.1199951171875,212.05999755859375,212.05999755859375,3304700,CRM
2023-08-15,210.3300018310547,212.3699951171875,207.83999633789062,208.77999877929688,208.77999877929688,4076400,CRM
2023-08-16,208.0,209.69000244140625,206.9499969482422,206.99000549316406,206.99000549316406,2759600,CRM
2023-08-17,206.57000732421875,206.92999267578125,203.38999938964844,203.83999633789062,203.83999633789062,4062700,CRM
2023-08-18,200.97000122070312,205.5,200.1999969482422,204.8300018310547,204.8300018310547,4266200,CRM
2023-08-21,206.0,209.4199981689453,204.22000122070312,209.02999877929688,209.02999877929688,4023300,CRM
2023-08-22,209.85000610351562,210.11000061035156,206.0,206.75999450683594,206.75999450683594,3153600,CRM
2023-08-23,208.0,210.99000549316406,207.13999938964844,209.1300048828125,209.1300048828125,3833200,CRM
2023-08-24,211.00999450683594,211.99000549316406,205.44000244140625,205.50999450683594,205.50999450683594,3960300,CRM
2023-08-25,205.50999450683594,210.7899932861328,205.47999572753906,209.47000122070312,209.47000122070312,3068800,CRM
2023-08-28,210.4499969482422,213.47999572753906,209.63999938964844,211.72000122070312,211.72000122070312,4086900,CRM
2023-08-29,206.75,212.4600067138672,206.52000427246094,211.9600067138672,211.9600067138672,5850400,CRM
2023-08-30,211.77000427246094,215.58999633789062,209.42999267578125,215.0399932861328,215.0399932861328,9946000,CRM
2023-08-31,228.0,228.7899932861328,221.1999969482422,221.4600067138672,221.4600067138672,19268400,CRM
2023-09-01,223.5,223.97000122070312,220.52000427246094,221.52999877929688,221.52999877929688,5597100,CRM
2023-09-05,219.3300018310547,220.32000732421875,217.61000061035156,218.69000244140625,218.69000244140625,5807300,CRM
2023-09-06,219.47000122070312,222.2100067138672,219.02000427246094,221.6199951171875,221.6199951171875,5066700,CRM
2023-09-07,219.77000427246094,222.72999572753906,219.30999755859375,222.52999877929688,222.52999877929688,4201900,CRM
2023-09-08,223.32000732421875,225.47000122070312,222.86000061035156,224.75999450683594,224.75999450683594,4578900,CRM
2023-09-11,226.00999450683594,226.8300018310547,222.7899932861328,225.30999755859375,225.30999755859375,4418000,CRM
2023-09-12,223.4499969482422,224.7899932861328,221.25999450683594,221.66000366210938,221.66000366210938,4002300,CRM
2023-09-13,221.17999267578125,221.86000061035156,218.3000030517578,218.8000030517578,218.8000030517578,4173600,CRM
2023-09-14,219.4199981689453,220.57000732421875,218.33999633789062,218.77999877929688,218.77999877929688,4297200,CRM
2023-09-15,218.8699951171875,219.19000244140625,213.4600067138672,214.61000061035156,214.61000061035156,9930200,CRM
2023-09-18,214.55999755859375,216.3800048828125,214.17999267578125,215.0,215.0,4279400,CRM
2023-09-19,214.38999938964844,216.05999755859375,212.25999450683594,215.6999969482422,215.6999969482422,4001500,CRM
2023-09-20,215.1999969482422,217.17999267578125,212.9199981689453,213.02999877929688,213.02999877929688,2990900,CRM
2023-09-21,209.8000030517578,211.88999938964844,208.07000732421875,208.61000061035156,208.61000061035156,4957300,CRM
2023-09-22,209.30999755859375,209.72000122070312,205.8800048828125,206.42999267578125,206.42999267578125,3848300,CRM
2023-09-25,205.0,206.52999877929688,203.8699951171875,206.33999633789062,206.33999633789062,4067300,CRM
2023-09-26,205.47000122070312,206.44000244140625,201.27999877929688,202.49000549316406,202.49000549316406,5404500,CRM
2023-09-27,202.99000549316406,203.92999267578125,200.94000244140625,202.72999572753906,202.72999572753906,4123800,CRM
2023-09-28,200.75999450683594,205.14999389648438,199.5500030517578,203.1999969482422,203.1999969482422,4344000,CRM
2023-09-29,205.0800018310547,207.7899932861328,202.10000610351562,202.77999877929688,202.77999877929688,4404700,CRM
2023-10-02,200.8000030517578,205.11000061035156,200.52000427246094,203.7100067138672,203.7100067138672,3745700,CRM
2023-10-03,202.75,203.57000732421875,197.4199981689453,199.8300018310547,199.8300018310547,4622400,CRM
2023-10-04,200.8800048828125,202.74000549316406,199.50999450683594,201.8699951171875,201.8699951171875,3656400,CRM
2023-10-05,202.0,202.14999389648438,198.49000549316406,202.00999450683594,202.00999450683594,3592600,CRM
2023-10-06,200.47999572753906,208.27000427246094,199.88999938964844,207.36000061035156,207.36000061035156,4988200,CRM
2023-10-09,204.88999938964844,208.27999877929688,204.69000244140625,207.22000122070312,207.22000122070312,2781100,CRM
2023-10-10,207.63999938964844,209.22000122070312,206.25999450683594,206.8800048828125,206.8800048828125,4503500,CRM
2023-10-11,207.22999572753906,209.1999969482422,204.41000366210938,206.85000610351562,206.85000610351562,3971000,CRM
2023-10-12,207.8300018310547,208.5800018310547,203.27000427246094,205.67999267578125,205.67999267578125,3548500,CRM
2023-10-13,205.11000061035156,207.13999938964844,203.2100067138672,204.58999633789062,204.58999633789062,3677500,CRM
2023-10-16,205.83999633789062,209.49000549316406,205.0399932861328,208.52999877929688,208.52999877929688,3623200,CRM
2023-10-17,206.49000549316406,211.94000244140625,206.0,209.83999633789062,209.83999633789062,4006100,CRM
2023-10-18,208.8800048828125,209.6300048828125,204.19000244140625,204.8300018310547,204.8300018310547,3380800,CRM
2023-10-19,206.4499969482422,210.9499969482422,205.52999877929688,208.32000732421875,208.32000732421875,4995900,CRM
2023-10-20,207.36000061035156,208.11000061035156,202.1199951171875,203.72999572753906,203.72999572753906,5537500,CRM
2023-10-23,199.89999389648438,203.57000732421875,197.85000610351562,202.0,202.0,4564100,CRM
2023-10-24,203.72999572753906,204.63999938964844,200.92999267578125,204.22000122070312,204.22000122070312,3959600,CRM
2023-10-25,203.1999969482422,203.74000549316406,195.42999267578125,197.05999755859375,197.05999755859375,4490000,CRM
2023-10-26,197.4199981689453,199.66000366210938,193.67999267578125,196.25,196.25,5149100,CRM
2023-10-27,197.3000030517578,198.30999755859375,195.41000366210938,196.57000732421875,196.57000732421875,3168600,CRM
2023-10-30,199.0,200.5800018310547,197.0800018310547,199.27000427246094,199.27000427246094,3438300,CRM
2023-10-31,200.4199981689453,201.91000366210938,198.66000366210938,200.8300018310547,200.8300018310547,3425400,CRM
2023-11-01,200.9199981689453,204.49000549316406,200.49000549316406,203.91000366210938,203.91000366210938,3593600,CRM
2023-11-02,206.30999755859375,208.25999450683594,205.9499969482422,208.11000061035156,208.11000061035156,4963600,CRM
2023-11-03,209.38999938964844,210.17999267578125,207.1999969482422,207.47000122070312,207.47000122070312,3859100,CRM
2023-11-06,208.2100067138672,208.47999572753906,204.69000244140625,207.4199981689453,207.4199981689453,3729700,CRM
2023-11-07,209.5,213.33999633789062,208.9600067138672,211.83999633789062,211.83999633789062,5467100,CRM
2023-11-08,212.4199981689453,212.52000427246094,209.64999389648438,211.47000122070312,211.47000122070312,3433500,CRM
2023-11-09,213.57000732421875,213.5800018310547,209.07000732421875,210.00999450683594,210.00999450683594,4731400,CRM
2023-11-10,209.39999389648438,214.27000427246094,208.83999633789062,213.6300048828125,213.6300048828125,4112600,CRM
2023-11-13,212.57000732421875,216.13999938964844,211.75999450683594,215.27999877929688,215.27999877929688,3306600,CRM
2023-11-14,219.0,221.25,217.9499969482422,221.17999267578125,221.17999267578125,4743800,CRM
2023-11-15,220.75,221.3699951171875,217.66000366210938,219.4199981689453,219.4199981689453,4800700,CRM
2023-11-16,220.0,222.77000427246094,218.94000244140625,221.4499969482422,221.4499969482422,3712300,CRM
2023-11-17,221.1699981689453,222.7899932861328,220.3800048828125,221.22000122070312,221.22000122070312,3634900,CRM
2023-11-20,221.42999267578125,226.10000610351562,220.6199951171875,225.1300048828125,225.1300048828125,4599300,CRM
2023-11-21,224.0,225.97000122070312,223.5399932861328,224.32000732421875,224.32000732421875,3852300,CRM
2023-11-22,224.3000030517578,225.69000244140625,223.2100067138672,223.83999633789062,223.83999633789062,3893600,CRM
2023-11-24,224.36000061035156,224.49000549316406,222.1199951171875,224.3800048828125,224.3800048828125,1869100,CRM
2023-11-27,225.5,226.22000122070312,224.25,224.7899932861328,224.7899932861328,4885500,CRM
2023-11-28,223.61000061035156,225.52999877929688,222.22999572753906,224.9199981689453,224.9199981689453,5535300,CRM
2023-11-29,228.61000061035156,231.5,227.25999450683594,230.35000610351562,230.35000610351562,12327400,CRM
2023-11-30,249.0500030517578,252.5,243.64999389648438,251.89999389648438,251.89999389648438,24425700,CRM
2023-12-01,250.0,263.42999267578125,249.6999969482422,260.0,260.0,14530700,CRM
2023-12-04,252.8000030517578,255.1199951171875,249.85000610351562,250.66000366210938,250.66000366210938,11429200,CRM
2023-12-05,249.99000549316406,251.6699981689453,248.63999938964844,251.02000427246094,251.02000427246094,5771500,CRM
2023-12-06,251.52000427246094,253.97999572753906,248.85000610351562,249.1300048828125,249.1300048828125,5374800,CRM
2023-12-07,248.75,250.72999572753906,246.88999938964844,248.85000610351562,248.85000610351562,6568200,CRM
2023-12-08,248.5500030517578,252.08999633789062,248.0,250.80999755859375,250.80999755859375,4604600,CRM
2023-12-11,250.0,253.52000427246094,249.7100067138672,252.10000610351562,252.10000610351562,4766000,CRM
2023-12-12,251.8000030517578,256.5799865722656,251.02000427246094,256.45001220703125,256.45001220703125,5827600,CRM
2023-12-13,257.510009765625,259.1199951171875,255.16000366210938,257.32000732421875,257.32000732421875,6567600,CRM
2023-12-14,256.5,258.7699890136719,253.22000122070312,257.2099914550781,257.2099914550781,6613200,CRM
2023-12-15,255.00999450683594,262.30999755859375,254.50999450683594,261.6000061035156,261.6000061035156,13736800,CRM
2023-12-18,259.82000732421875,265.5899963378906,259.67999267578125,263.5899963378906,263.5899963378906,7498500,CRM
2023-12-19,265.4700012207031,266.5799865722656,263.739990234375,264.3399963378906,264.3399963378906,4665500,CRM
2023-12-20,261.6600036621094,264.9200134277344,260.0799865722656,260.25,260.25,4510500,CRM
2023-12-21,264.75,268.3599853515625,264.239990234375,267.25,267.25,5160700,CRM
2023-12-22,267.260009765625,268.1499938964844,265.29998779296875,266.3399963378906,266.3399963378906,3109900,CRM
2023-12-26,265.5299987792969,266.5299987792969,264.6199951171875,266.2200012207031,266.2200012207031,3218800,CRM
2023-12-27,265.94000244140625,267.010009765625,265.3999938964844,266.7200012207031,266.7200012207031,3387000,CRM
2023-12-28,266.5,266.9200134277344,265.29998779296875,265.5799865722656,265.5799865722656,2958700,CRM
2023-12-29,265.010009765625,265.6499938964844,262.6499938964844,263.1400146484375,263.1400146484375,3705500,CRM
